id,name,slug,category,calculator_type,template_id,version,published_url,site_id,formula,faq,input_schema,output_schema,seo_title,seo_desc,status,created_at,updated_at,seo_description,article_content,image_prompt_thumbnail,image_prompt_body,review_status,review_score,review_reason,review_attempts,reviewed_at,generated_at,labels
calc_20260702221622_621a,주휴수당 계산기,weekly-holiday-allowance,노무/급여,calculator_basic,,1.0.0,,,hourly_wage*(weekly_hours/40*8),"[{""question"": ""주휴수당은 누구에게 지급되나요?"", ""answer"": ""주휴수당은 주 15시간 이상 근무하는 비정규직 및 정규직 근로자에게 지급됩니다. 근로자가 주휴일에 출근하지 않고도 소정 근로시간을 채웠을 때 지급됩니다.""}, {""question"": ""어떤 경우 주휴수당을 받지 못하나요?"", ""answer"": ""근로자가 일정 기간 이상 결근하거나 무단이탈 등의 사유로 근로계약을 유지하지 않는 경우, 주휴수당을 받을 수 없습니다. 또한 고용 계약이 해지된 경우에도 지급되지 않습니다.""}, {""question"": ""주휴수당은 어떻게 계산하나요?"", ""answer"": ""주휴수당은 시급에 주당 근무시간 비율(주간 근무시간 ÷ 40)을 곱한 뒤 8을 곱하여 산출합니다. 예를 들어 시급 10,000원, 주 40시간 근무라면 주휴수당은 10,000원 × 1 × 8시간 = 80,000원이 됩니다. 주 15시간 미만 근로자는 주휴수당이 발생하지 않습니다(근로기준법 제55조, 제18조).""}, {""question"": ""주휴수당 계산 시 자주 틀리는 부분은 무엇인가요?"", ""answer"": ""많은 사람들이 주휴수당을 계산할 때 주간 근무시간을 40시간으로 고정하여 잘못 계산하는 경우가 많습니다. 주간 근무시간에 따라 다르게 계산해야 하므로 주의가 필요합니다.""}, {""question"": ""주휴수당의 법적 근거는 무엇인가요?"", ""answer"": ""주휴수당 지급 의무는 근로기준법 제55조에 명시되어 있습니다. 이 조항에 따라 주휴일을 포함한 근로자의 보상을 요구할 수 있습니다.""}, {""question"": ""주휴수당을 받을 때 주의할 점은 무엇인가요?"", ""answer"": ""주휴수당 지급 기준이 되는 근로시간을 정확히 기록하고, 계약서에 명시된 내용과 일치하는지 확인하는 것이 중요합니다. 또한 근로계약서에 주휴일에 대한 사항이 포함되어 있어야 합니다.""}]","{""hourly_wage"": ""number"", ""weekly_hours"": ""number""}","{""weekly_allowance"": ""number""}",주휴수당 계산기 - 간편한 급여 산출,주휴수당 지급 기준을 쉽게 계산하고 확인하세요. 시급과 주간 근무 시간을 입력해 주휴수당을 간편하게 알아보세요.,active,2026-07-02 22:16:23,2026-07-19 22:06:02,주휴수당 지급 기준을 쉽게 계산하고 확인하세요. 시급과 주간 근무 시간을 입력해 주휴수당을 간편하게 알아보세요.,"<h1>주휴수당 계산기 - 간편한 급여 산출</h1>
<p>주휴수당 지급 기준을 쉽게 계산하고 확인하세요. 시급과 주간 근무 시간을 입력해 주휴수당을 간편하게 알아보세요.</p>

<h2>계산 원리</h2>
<p>주휴수당은 시급에 근로자의 주간 근무시간을 기준으로 계산됩니다. 기본적인 계산 원리는 다음과 같습니다. 시급에 주간 평균 근무시간의 비율을 곱하여 주휴수당을 산출합니다. 예를 들어, 시급이 10,000원이고 주간 근무 시간이 40시간인 경우, 주휴수당은 10,000원 곱하기 (40시간 ÷ 40 × 8시간), 즉 80,000원이 됩니다. 만약 주간 근무 시간이 30시간이라면, 주휴수당은 10,000원 곱하기 (30 ÷ 40 × 8)로 계산되어 60,000원이 됩니다.</p>

<h2>주의사항</h2>
<ul>
    <li>주휴수당은 주 15시간 이상 근무한 경우에만 지급됩니다.</li>
    <li>근로계약서에 주휴일과 관련된 조항이 명시되어 있어야 합니다.</li>
    <li>주간 근무 시간에 따라 주휴수당이 달라지므로, 정확한 근무 시간을 기록하는 것이 중요합니다.</li>
    <li>결근, 무단이탈 등 특정 사유로 인한 주휴수당 미지급 사례를 유의해야 합니다.</li>
</ul>

<h2>자주 묻는 질문</h2>
<dl>
    <dt>Q: 주휴수당은 누구에게 지급되나요?</dt>
    <dd>A: 주휴수당은 주 15시간 이상 근무하는 비정규직 및 정규직 근로자에게 지급됩니다. 근로자가 주휴일에 출근하지 않고도 소정 근로시간을 채웠을 때 지급됩니다.</dd>
    
    <dt>Q: 어떤 경우 주휴수당을 받지 못하나요?</dt>
    <dd>A: 근로자가 일정 기간 이상 결근하거나 무단이탈 등의 사유로 근로계약을 유지하지 않는 경우, 주휴수당을 받을 수 없습니다. 또한, 고용 계약이 해지된 경우에도 지급되지 않습니다.</dd>
    
    <dt>Q: 주휴수당은 어떻게 계산하나요?</dt>
    <dd>A: 주휴수당은 시급에 주당 근무시간 비율(주간 근무시간 ÷ 40)을 곱한 뒤 8을 곱하여 산출합니다. 예를 들어 시급 10,000원, 주 40시간 근무라면 주휴수당은 10,000원 × 1 × 8시간 = 80,000원이 됩니다. 주 15시간 미만 근로자는 주휴수당이 발생하지 않습니다(근로기준법 제55조, 제18조).</dd>
    
    <dt>Q: 주휴수당 계산 시 자주 틀리는 부분은 무엇인가요?</dt>
    <dd>A: 많은 사람들이 주휴수당을 계산할 때 주간 근무시간을 40시간으로 고정하여 잘못 계산하는 경우가 많습니다. 주간 근무시간에 따라 다르게 계산해야 하므로 주의가 필요합니다.</dd>
    
    <dt>Q: 주휴수당의 법적 근거는 무엇인가요?</dt>
    <dd>A: 주휴수당 지급 의무는 근로기준법 제55조에 명시되어 있습니다. 이 조항에 따라 주휴일을 포함한 근로자의 보상을 요구할 수 있습니다.</dd>
    
    <dt>Q: 주휴수당을 받을 때 주의할 점은 무엇인가요?</dt>
    <dd>A: 주휴수당 지급 기준이 되는 근로시간을 정확히 기록하고, 계약서에 명시된 내용과 일치하는지 확인하는 것이 중요합니다. 또한, 근로계약서에 주휴일에 대한 사항이 포함되어 있어야 합니다.</dd>
</dl>

<h2>관련 계산기</h2>
<ul>
    <li><a href=""#"">시급 계산기</a></li>
    <li><a href=""#"">연봉 계산기</a></li>
    <li><a href=""#"">퇴직금 계산기</a></li>
</ul>

<h2>행동 유도(CTA)</h2>
<p>아래 SalaryMate 계산기를 이용하면 자동으로 계산할 수 있습니다. 입력값을 넣고 주휴수당을 간편하게 확인해 보세요!</p>","A professional, close-up shot of a hand operating a modern financial calculator on a clean desk. The calculator's display shows monetary figures related to wages. In the background, subtly blurred, are elements suggesting financial documents or a laptop screen with payroll data. The lighting is bright and crisp, emphasizing precision and professionalism. Realistic, high-resolution photography.","An overhead, realistic photograph of a sophisticated workspace. On a minimalist desk, a detailed financial ledger or a digital tablet displays a clear calculation process, specifically highlighting 'Hourly Wage' and 'Weekly Hours' sections. Next to it, a sleek, open notebook with a pen, implying a thorough review or planning of labor costs. The scene is well-lit, emphasizing organization, clarity, and the methodical approach to payroll calculations. Professional studio photography style.",AUTO_APPROVED,91,SEO와 FAQ는 전반적으로 잘 구성되었으나 FAQ 내용의 구체성과 수치가 부족합니다. 본문은 구조적으로 잘 되어 있으나 2000자 미만으로 감점되었습니다. 결과 해설 부분에서는 예시 계산이 있지만 기술적 해설의 구체성이 부족해 감점되었습니다. HTML 구조에서 aria 속성 누락으로 감점되었습니다. FAQ에 예외 및 법적 근거 설명을 추가하여 내용을 더 ,,2026-07-04 8:51:26,2026-07-04 8:51:26,
calc_20260702221624_38e4,퇴직금 계산기,severance-pay,노무/급여,calculator_report,,1.0.0,,,avg_monthly_wage * (total_days / 365),"[{""question"": ""퇴직금은 누가 언제 받을 수 있나요?"", ""answer"": ""퇴직금은 1년 이상 근무한 직원이 퇴사 시 받을 수 있으며, 정규직과 계약직 모두 포함됩니다. 퇴사 시점에서 근무한 기간에 따라 계산됩니다.""}, {""question"": ""어떤 경우에 퇴직금을 받을 수 없나요?"", ""answer"": ""퇴직금을 받지 못하는 경우는 주로 자발적 퇴사 또는 근로계약서에 퇴직금 지급이 명시되지 않거나, 근무 기간이 1년 미만인 경우입니다.""}, {""question"": ""퇴직금 계산 기준은 어떻게 되나요?"", ""answer"": ""퇴직금은 평균임금에 총 근무일수를 365로 나눈 값을 곱하여 계산합니다(근로자퇴직급여보장법 제8조). 공식: 평균임금 × (총 근무일수 ÷ 365). 예시: 평균 월임금 3,000,000원으로 2년(730일) 근무 시 → 3,000,000 × (730 ÷ 365) = 6,000,000원.""}, {""question"": ""퇴직금 계산 시 자주 틀리는 부분은 무엇인가요?"", ""answer"": ""가장 흔한 오류는 기본급만으로 평균임금을 산정하는 경우입니다. 근로기준법 제2조에 따르면 연장·야간·휴일근로 가산수당과 통상적으로 지급되는 상여금(연간 총액의 1/12)도 평균임금에 포함됩니다. 반면 임시로 지급된 수당이나 1회성 급부는 제외됩니다 (근로기준법 시행령 제2조).""}, {""question"": ""퇴직금 지급 관련 법적 근거는 무엇인가요?"", ""answer"": ""퇴직금 지급의 법적 근거는 근로자퇴직급여보장법 제8조에 명시되어 있습니다. 이 조항에 따르면 사용자는 계속근로기간 1년에 대하여 30일분 이상의 평균임금을 퇴직금으로 지급해야 하며, 1년 미만 근무자는 지급 의무가 발생하지 않습니다.""}, {""question"": ""퇴직금을 계산할 때 주의해야 할 점은 무엇인가요?"", ""answer"": ""퇴직금 계산 시 정확한 평균 월급을 입력하는 것이 중요합니다. 하한선이 정해져 있으므로, 최저임금에 해당하는 수준 이상이어야 하며, 계정에 따라 당해연도 퇴직금 기준이 변경되지 않았는지 점검해야 합니다.""}]","{""avg_monthly_wage"": ""number"", ""start_date"": ""date"", ""end_date"": ""date""}","{""severance_pay"": ""number""}",퇴직금 계산기 - 간편한 퇴직금 계산,입사일과 퇴사일 입력으로 손쉽게 퇴직금을 계산하세요. 정확한 결과를 제공합니다.,active,2026-07-02 22:16:24,2026-07-19 22:09:00,입사일과 퇴사일 입력으로 손쉽게 퇴직금을 계산하세요. 정확한 결과를 제공합니다.,"<h1>퇴직금 계산기 - 간편한 퇴직금 계산</h1>
<p>입사일과 퇴사일을 입력하여 손쉽게 퇴직금을 계산하세요. 정확한 결과를 제공합니다.</p>

<h2>계산 원리</h2>
<p>퇴직금은 평균 월급에 총 근무일을 365로 나눈 값을 곱하여 계산합니다. 즉, '평균 월급 × (총 근무일 ÷ 365)' 공식이 사용됩니다. 예를 들어, 만약 여러분이 월급 300만 원을 받고, 2년 동안 일했다면, 총 근무일은 730일이 됩니다. 이 경우 퇴직금 계산은 아래와 같이 이루어집니다:</p>
<p>300만 원 × (730 ÷ 365) = 600만 원이 됩니다. 따라서 여러분의 퇴직금은 600만 원입니다.</p>

<h2>주의사항</h2>
<p>퇴직금을 계산할 때 몇 가지 주의사항이 있습니다. 첫째, 평균임금은 퇴직 전 3개월 동안 지급된 임금 총액을 3개월 총 일수로 나눈 금액입니다. 기본급뿐 아니라 연장·야간·휴일근로 가산수당과 통상적으로 지급된 상여금(연간 총액의 1/12)도 포함됩니다. 임시로 지급된 수당이나 1회성 급부는 제외됩니다. 둘째, 근무 기간이 1년 이상이어야 퇴직금을 받을 수 있으며, 자발적으로 퇴사하는 경우 퇴직금 수령이 어려울 수 있습니다. 마지막으로, 근무 기준에 따라 퇴직금 기준이 변경되지 않았는지 점검해야 합니다.</p>

<h2>자주 묻는 질문</h2>
<dl>
    <dt>퇴직금은 누가 언제 받을 수 있나요?</dt>
    <dd>퇴직금은 1년 이상 근무한 직원이 퇴사 시 받을 수 있으며, 정규직과 계약직 모두 포함됩니다. 퇴사 시점에서 근무한 기간에 따라 계산됩니다.</dd>

    <dt>어떤 경우에 퇴직금을 받을 수 없나요?</dt>
    <dd>퇴직금을 받지 못하는 경우는 주로 자발적 퇴사 또는 근로계약서에 퇴직금 지급이 명시되지 않거나, 근무 기간이 1년 미만인 경우입니다.</dd>

    <dt>퇴직금 계산 기준은 어떻게 되나요?</dt>
    <dd>퇴직금은 평균임금에 총 재직일수를 365로 나눈 비율을 곱하여 산출합니다. 예를 들어 평균임금 300만원, 재직 2년(730일)이라면 300만원 × 730 ÷ 365 = 600만원이 됩니다(근로자퇴직급여보장법 제8조).</dd>

    <dt>퇴직금 계산 시 자주 틀리는 부분은 무엇인가요?</dt>
    <dd>가장 흔한 오류는 기본급만으로 평균임금을 산정하는 경우입니다. 근로기준법 제2조에 따르면 연장·야간·휴일근로 가산수당과 통상적으로 지급되는 상여금(연간 총액의 1/12)도 평균임금에 포함됩니다. 반면 임시로 지급된 수당이나 1회성 급부는 제외됩니다 (근로기준법 시행령 제2조).</dd>

    <dt>퇴직금 지급 관련 법적 근거는 무엇인가요?</dt>
    <dd>퇴직금 지급에 대한 법적 근거는 근로자퇴직급여보장법 제8조에 명시되어 있습니다. 이 조항에 따르면 사용자는 계속근로기간 1년에 대하여 30일분 이상의 평균임금을 퇴직금으로 지급해야 하며, 1년 미만 근무자는 지급 의무가 발생하지 않습니다.</dd>

    <dt>퇴직금을 계산할 때 주의해야 할 점은 무엇인가요?</dt>
    <dd>퇴직금 계산 시 정확한 평균 월급을 입력하는 것이 중요합니다. 하안선이 정해져 있으므로 최저임금에 해당해야 하며, 계정에 따라 당해연도 퇴직금 기준이 변경되지 않았는지 점검해야 합니다.</dd>
</dl>

<h2>관련 계산기</h2>
<ul>
    <li><a href=""#"">퇴직연금 계산기</a></li>
    <li><a href=""#"">연봉 계산기</a></li>
    <li><a href=""#"">상여금 계산기</a></li>
</ul>

<h2>CTA</h2>
<p>아래 SalaryMate 계산기를 이용하면 자동으로 퇴직금을 계산할 수 있습니다. 귀찮은 수식 계산 없이 간편하게 퇴직금을 확인해 보세요!</p>","A high-angle, realistic shot of a modern financial calculator application displayed on a minimalist laptop screen, centrally positioned on a clean, light-colored desk. A subtle, blurred background of an organized professional workspace. The image conveys precision and digital efficiency. Studio lighting.","A realistic, professional office setting. A person's hands are visible, interacting with a sleek laptop displaying a data entry screen for a financial calculation tool. On the well-organized desk, there are a few generic, professional-looking documents like a contract or a financial statement, and a clean notebook. The focus is on the act of precise data input and the professional environment, suggesting accuracy and reliability in financial calculations. Soft, natural lighting.",AUTO_APPROVED,85,"SEO 메타설명은 적절하나, 키워드 반복이 약간 있음. FAQ는 필요 정보를 잘 담고 있음. 기사 구조는 부족한 부분 없으나 분량이 부족함. HTML 구조에서는 schema.org 마크업 미사용. 전체적으로 실용성 있지만, 기사 분량과 schema.org 추가 필요.",,2026-07-04 9:25:31,2026-07-04 9:25:31,
calc_20260702221626_303c,연차수당 계산기,annual-leave-allowance,노무/급여,calculator_basic,,1.0.0,,,daily_wage*unused_days,"[{""question"": ""연차수당은 누가 언제 받을 수 있나요?"", ""answer"": ""연차수당은 근로자가 연차휴가를 사용하지 않은 경우 지급됩니다. 근로자는 계약에 따라 연간 최소 15일 이상의 연차휴가를 부여받으며, 이를 사용하지 않을 경우 연차수당을 요청할 수 있습니다.""}, {""question"": ""연차수당을 받을 수 없는 경우가 있나요?"", ""answer"": ""미사용 연차수당은 원칙적으로 사용자가 반드시 지급해야 합니다(근로기준법 제60조제5항·제36조 금품 청산). 예외는 두 가지뿐입니다. ① 해당 연도 연차를 이미 모두 사용한 경우, ② 사용자가 근로기준법 제61조 연차 사용 촉진제도를 적법하게 이행한 경우 — 사용기간 만료 6개월 전 미사용 일수 서면 통지 및 근로자 미계획 시 사용 시기 서면 지정, 두 절차를 모두 완료한 때만 지급의무가 면제됩니다. 이 두 경우에 해당하지 않는 한 '계약 해지 후라서 지급 안 된다'는 말은 사실이 아닙니다.""}, {""question"": ""연차수당 계산은 어떻게 이루어지나요?"", ""answer"": ""연차수당은 '통상임금(일급) × 미사용 일수'로 계산됩니다. 예를 들어, 통상임금(일급)이 10만원이고 미사용 연차일이 5일이라면 연차수당은 50만원이 됩니다. 통상임금은 기본급뿐만 아니라 정기적·일률적으로 지급되는 고정 수당을 포함하므로, 기본급만으로 계산하지 않도록 주의하세요(근로기준법 시행령 제6조).""}, {""question"": ""연차수당 계산 시 자주 틀리는 부분은 무엇인가요?"", ""answer"": ""연차수당 계산 시 자주 하는 실수는 기본급만으로 계산하는 것입니다. 연차수당은 근로기준법 시행령 제6조의 '통상임금'을 기준으로 계산합니다. 통상임금에는 기본급뿐만 아니라 직책수당·직무수당·근속수당 등 정기적이고 일률적으로 지급되는 고정 수당도 포함됩니다. 반면 식비·교통비 등 실비변상 성격의 수당과 성과급(지급 조건에 따라 상이)은 통상임금에 포함되지 않는 것이 원칙입니다. 기본급만으로 계산하면 실제 받아야 할 수당보다 적게 청구될 수 있으니 주의하세요.""}, {""question"": ""연차수당에 대한 법적 근거는 무엇인가요?"", ""answer"": ""연차수당의 법적 근거는 근로기준법 제60조에 명시되어 있으며, 미사용 연차에 대해 지급해야 한다고 규정하고 있습니다.""}, {""question"": ""연차수당 계산 시 주의해야 할 점은 무엇인가요?"", ""answer"": ""근로자가 연차수당을 요청할 경우, 미사용 연차일이 정확한지 확인하고, 지급 요청 시 관련 서류를 준비하는 것이 중요합니다. 또한, 회사의 규정에 따라 지급 절차가 다를 수 있음을 유의해야 합니다.""}]","{""daily_wage"": ""number"", ""unused_days"": ""number""}","{""annual_leave_allowance"": ""number""}",연차수당 쉽게 계산하기,미사용 연차에 대한 연차수당을 자동으로 계산해 보세요. 간편하게 필요한 수치를 입력하면 결과를 확인할 수 있습니다.,active,2026-07-02 22:16:26,2026-07-19 21:52:04,미사용 연차에 대한 연차수당을 자동으로 계산해 보세요. 간편하게 필요한 수치를 입력하면 결과를 확인할 수 있습니다.,"<h1>연차수당 쉽게 계산하기</h1>
<p>미사용 연차에 대한 연차수당을 자동으로 계산해 보세요. 간편하게 필요한 수치를 입력하면 결과를 확인할 수 있습니다.</p>

<h2>계산 원리</h2>
<p>연차수당은 사용하지 않은 연차에 대해 지급되는 금액으로, '통상임금(일급)에 미사용 일수를 곱해서 계산됩니다'(근로기준법 시행령 제6조). 예를 들어, 일급이 8만원이고 미사용 연차일이 4일이라면, 연차수당은 8만원 × 4일 = 32만원이 됩니다. 이처럼 간단한 계산으로 자신의 권리를 확인할 수 있습니다. 또 다른 예로, 만약 일급이 12만원이고 미사용 연차가 3일이라면 12만원 × 3일 = 36만원이 됩니다. 이처럼 미사용 연차 일수에 해당하는 금액을 계산하는 것이 연차수당의 기본 원리입니다.</p>

<h2>주의사항</h2>
<p>연차수당을 요청하기 전, 미사용 연차일 수와 통상임금(일급)이 정확한지 반드시 확인해야 합니다. 또한, 회사 내규에 따라 연차수당 지급 절차가 상이할 수 있으니, 조율이 필요할 수 있습니다. 연차수당 청구 시 관련 서류를 준비하는 것이 중요합니다. 이와 함께, 연차수당은 일정 기간 내에 청구해야 하므로 기한을 준수하는 것도 필수적입니다. 미사용 연차수당은 원칙적으로 사용자가 지급해야 하며, 근로기준법 제61조 촉진제도를 적법하게 이행한 경우에만 예외적으로 면제됩니다.</p>

<h2>자주 묻는 질문</h2>
<ul>
    <li><strong>연차수당은 누가 언제 받을 수 있나요?</strong><br>연차수당은 근로자가 연차휴가를 사용하지 않은 경우 지급됩니다. 근로자는 계약에 따라 연간 최소 15일 이상의 연차휴가를 부여받으며, 이를 사용하지 않을 경우 연차수당을 요청할 수 있습니다.</li>
    <li><strong>연차수당을 받을 수 없는 경우가 있나요?</strong><br>미사용 연차수당은 원칙적으로 사용자가 반드시 지급해야 합니다(근로기준법 제60조제5항·제36조). 예외는 두 가지뿐입니다. ① 해당 연도 연차를 이미 모두 사용한 경우, ② 사용자가 근로기준법 제61조 연차 사용 촉진제도를 적법하게 이행한 경우 — 사용기간 만료 6개월 전 서면 통지 및 사용 시기 서면 지정을 모두 완료한 때만 면제됩니다.</li>
    <li><strong>연차수당 계산은 어떻게 이루어지나요?</strong><br>연차수당은 '통상임금(일급) × 미사용 일수'로 계산됩니다. 예를 들어, 통상임금(일급)이 10만원이고 미사용 연차일이 5일이라면 연차수당은 50만원이 됩니다.</li>
    <li><strong>연차수당 계산 시 자주 틀리는 부분은 무엇인가요?</strong><br>연차수당 계산 시 자주 하는 실수는 기본급만으로 계산하는 것입니다. 연차수당은 근로기준법 시행령 제6조의 '통상임금'을 기준으로 계산해야 하며, 기본급 외에 정기적으로 지급되는 고정 수당도 포함됩니다.</li>
    <li><strong>연차수당에 대한 법적 근거는 무엇인가요?</strong><br>연차수당의 법적 근거는 근로기준법 제60조에 명시되어 있으며, 미사용 연차에 대해 지급해야 한다고 규정하고 있습니다.</li>
    <li><strong>연차수당 계산 시 주의해야 할 점은 무엇인가요?</strong><br>근로자가 연차수당을 요청할 경우, 미사용 연차일이 정확한지 확인하고, 지급 요청 시 관련 서류를 준비하는 것이 중요합니다. 또한, 회사의 규정에 따라 지급 절차가 다를 수 있음을 유의해야 합니다.</li>
</ul>

<h2>관련 계산기</h2>
<ul>
    <li><a href=""#"">퇴직금 계산기</a></li>
    <li><a href=""#"">시급 계산기</a></li>
</ul>

<h2>Call to Action</h2>
<p>아래 SalaryMate 계산기를 이용하면 자동으로 계산할 수 있습니다. 본인의 통상임금(일급)과 미사용 연차를 입력하여 간편하게 연차수당을 계산해 보세요!</p>","A clean and professional overhead shot of a desktop. A sleek, modern digital calculator is prominently placed, displaying numeric figures. Adjacent to it, a small, neat stack of coins or folded banknotes symbolizes financial allowance. In the background, a subtly blurred calendar page with a few marked dates. The lighting is soft and even, highlighting precision and monetary value. Realistic, high-resolution, corporate aesthetics.","A professional's hands (wearing a subtle watch or clean attire) interacting with a high-resolution laptop screen, on which a clean, user-friendly interface for financial calculation is visible, showing input fields and a calculated result. The setting is a well-organized, modern office desk with subtle elements like a pen, a cup of coffee, and a plant in the blurred background. The focus is on clarity, data entry, and the automated outcome, conveying efficiency and accuracy in payroll management. Realistic, detailed, and brightly lit.",AUTO_APPROVED,85,"SEO: 적절한 제목과 메타설명이지만, 추가 키워드 활용 가능. FAQ: 기본 요건 만족하지만, 답변에 구체적 수치 포함 필요. 본문: 구조는 대체로 적합하지만 문서 분량이 최소 요건 미달. HTML: label과 입력 연동 잘 되었으나 모바일 최적화 요소는 부족.",,2026-07-04 8:14:57,2026-07-04 8:14:57,
calc_20260702221627_1cf0,실업급여 계산기,unemployment-benefit,고용/보험,calculator_report,,1.0.0,,,avg_daily_wage*0.6,"[{""question"": ""실업급여는 누구에게 지급되나요?"", ""answer"": ""실업급여(구직급여)는 고용보험에 가입한 근로자가 비자발적으로 실직한 경우 지급됩니다. 소정급여일수는 피보험단위기간과 연령에 따라 120~270일로 결정되며 (고용보험법 제45조 및 별표1), 고용센터의 수급자격 심사를 거쳐야 합니다.""}, {""question"": ""어떤 경우에 실업급여를 받을 수 없나요?"", ""answer"": ""실업급여를 받을 수 없는 경우는 자발적 퇴사(본인의 선택으로 퇴사한 경우), 비자발적 퇴사도 정당한 이유가 없는 경우에 해당됩니다. 또한, 고용보험에 가입하지 않은 기간이 있거나, 실업 상태가 아닌 경우에도 지급이 제한됩니다.""}, {""question"": ""실업급여는 어떻게 계산하나요?"", ""answer"": ""구직급여 = 평균 일급 × 0.6 × 소정급여일수입니다 (고용보험법 제45조·제46조). 단, 일 구직급여는 상한 66,000원(고용노동부 고시)과 하한 64,192원(최저임금 × 8 × 0.8, 고용보험법 제46조 제2항)이 적용됩니다. 예시: 평균 일급 100,000원, 35세, 가입 24개월 → 일 구직급여 64,192원(하한 적용) × 150일 = 9,628,800원.""}, {""question"": ""실업급여 수급 자격에 대한 흔한 오해는 무엇인가요?"", ""answer"": ""실업급여는 실직 후 즉시 지급되는 것이 아니라, 조기 신청 후 적격 여부가 확인되어야 지급됩니다. 신청 후 1개월 이내에 고용노동부에서 지급 여부를 결정하기 때문에 급여 지급 시점을 잘못 이해하는 경우가 많습니다.""}, {""question"": ""실업급여 지급에 대한 법적 근거는 무엇인가요?"", ""answer"": ""실업급여의 법적 근거는 고용보험법입니다. 수급 요건(피보험단위기간 180일 이상, 비자발적 이직 등)은 제40조·제58조에, 급여액 계산(0.6 비율)과 상한·하한은 제45조·제46조에, 소정급여일수(가입기간·연령별 120~270일)는 제45조 및 별표1에 규정되어 있습니다. 최종 수급 여부는 고용센터 심사 결과에 따라 달라질 수 있습니다.""}, {""question"": ""실업급여 신청 시 유의해야 할 사항은 무엇인가요?"", ""answer"": ""실업급여 신청 시 정확한 고용보험 가입 기간과 평균 임금을 기재해야 합니다. 특히, 평균 임금 계산 시 비정기적인 보너스나 수당을 포함해 잘못 기재할 경우, 지급액이 달라질 수 있으므로 주의해야 합니다.""}, {""question"": ""실업급여 수급 기간은 어떻게 되나요?"", ""answer"": ""소정급여일수는 피보험단위기간과 연령에 따라 결정됩니다 (고용보험법 별표1). 50세 미만: 1년 미만 120일 / 1~3년 150일 / 3~5년 180일 / 5~10년 210일 / 10년 이상 240일. 50세 이상: 1년 미만 120일 / 1~3년 180일 / 3~5년 210일 / 5~10년 240일 / 10년 이상 270일. 최대 270일이며, 법령에 '300일'은 없습니다.""}, {""question"": ""실업급여를 받기 위해 필요한 서류는 무엇인가요?"", ""answer"": ""실업급여를 받기 위해서는 실업신고서, 고용보험가입증명서, 퇴사한 근로계약서 등의 서류가 필요합니다. 이 서류들은 신청 시 반드시 제출해야 하며, 누락되면 지급이 지연될 수 있습니다.""}]","{""avg_daily_wage"": ""number"", ""age"": ""number"", ""employment_months"": ""number""}","{""daily_benefit"": ""number"", ""total_benefit"": ""number""}",실업급여 계산기로 쉽고 빠르게 확인하기,평균임금과 고용기간을 입력해 실업급여를 간편하게 계산해보세요. 예상 수급액을 손쉽게 확인할 수 있습니다.,active,2026-07-02 22:16:28,2026-07-19 21:52:01,평균임금과 고용기간을 입력해 실업급여를 간편하게 계산해보세요. 예상 수급액을 손쉽게 확인할 수 있습니다.,"<h1>실업급여 계산기로 쉽고 빠르게 확인하기</h1>
<p>평균 일급과 나이, 고용 기간을 입력해 예상 구직급여를 간편하게 계산해보세요. 고용보험법 제45조·제46조 기준으로 소정급여일수·상한·하한을 자동 적용합니다.</p>

<h2>3. 계산 원리</h2>
<p>구직급여는 평균임금의 60%로 계산됩니다. 평균 일급에 0.6을 곱하여 일 구직급여를 구하고, 이 금액에 소정급여일수(가입기간·연령에 따라 120~270일, 고용보험법 별표1)를 곱해 총 급여를 산정합니다.</p>
<p>예시: 평균 일급 80,000원, 40세, 가입 36개월 → 일급 × 0.6 = 48,000원이지만 하한(64,192원, 고용보험법 제46조 제2항)이 적용되어 일 구직급여는 64,192원. 소정급여일수 180일(50세 미만·3~5년) → 총 수령 예상액 11,554,560원.</p>

<h2>4. 주의사항</h2>
<ul>
    <li>실업급여는 고용보험에 가입한 근로자에게만 지급됩니다. 피보험단위기간이 180일 이상이어야 합니다 (고용보험법 제40조).</li>
    <li>자발적 퇴사 또는 정당한 이유 없이 퇴사한 경우 실업급여를 받을 수 없습니다 (고용보험법 제58조).</li>
    <li>일 구직급여에는 상한(고용노동부 고시)과 하한(최저임금 × 8 × 0.8, 고용보험법 제46조 제2항)이 적용됩니다.</li>
</ul>

<h2>5. 자주 묻는 질문</h2>
<dl>
    <dt>실업급여는 누구에게 지급되나요?</dt>
    <dd>비자발적으로 실직한 고용보험 가입 근로자에게 지급됩니다. 소정급여일수는 가입기간·연령에 따라 120~270일입니다 (고용보험법 제45조 및 별표1).</dd>

    <dt>어떤 경우에 실업급여를 받을 수 없나요?</dt>
    <dd>자발적 퇴사나 정당한 이유 없는 비자발적 퇴사 시 지급되지 않습니다 (고용보험법 제58조).</dd>

    <dt>실업급여는 어떻게 계산하나요?</dt>
    <dd>일 구직급여 = 평균 일급 × 0.6 (상한·하한 클램프 적용). 총 급여 = 일 구직급여 × 소정급여일수 (고용보험법 제45조·제46조).</dd>

    <dt>실업급여 수급 자격에 대한 흔한 오해는 무엇인가요?</dt>
    <dd>실업급여는 신청 후 고용센터의 수급자격 심사를 거쳐 지급됩니다. 최종 수급 여부는 심사 결과에 따라 달라질 수 있습니다.</dd>

    <dt>실업급여 신청 시 유의해야 할 사항은 무엇인가요?</dt>
    <dd>정확한 고용보험 가입 기간과 평균 임금을 기재해야 합니다.</dd>

    <dt>실업급여 수급 기간은 어떻게 되나요?</dt>
    <dd>소정급여일수는 가입기간·연령에 따라 120~270일입니다. 50세 미만 최대 240일, 50세 이상 최대 270일이며, 법령에 '300일'은 없습니다 (고용보험법 별표1).</dd>

    <dt>실업급여를 받기 위해 필요한 서류는 무엇인가요?</dt>
    <dd>실업신고서, 고용보험 가입 증명서, 퇴사한 근로계약서 등이 필요합니다.</dd>
</dl>

<h2>6. 관련 계산기</h2>
<p>비슷한 계산기를 찾고 계신가요? 재직 기간에 따른 퇴직 금액 계산기, 국민연금 계산기 등도 추천합니다.</p>

<h2>7. CTA</h2>
<p>아래 SalaryMate 계산기를 이용하면 자동으로 계산할 수 있습니다. 간편하게 실업급여를 확인해보세요!</p>","A modern calculator interface on a desk displaying 'Unemployment Benefit Calculator', with a notepad and a pen nearby. The background shows a subtle office environment with soft lighting.","An image depicting a close-up of hands inputting numbers into a calculator related to unemployment benefits. The screen shows formulas and values like 'avg_daily_wage' and 'employment_months'. In the background, there are financial charts and graphs to symbolize calculations related to benefits.",AUTO_REWRITTEN,81,"SEO: 메타설명 적절. FAQ: 모든 항목 충족. Article: 검수일 미흡, 2000자 미달. Input Form: label 연결 미흡. Formula: 고용기간 사용 누락. Result Explain: 예시 좋음. HTML: aria 속성 누락, 모바일 버튼 고려 필요.",2,2026-07-04 8:17:38,2026-07-04 8:17:38,
calc_20260702221629_f9fa,4대보험 계산기,four-insurances,고용/보험,calculator_compare,,1.0.0,,,"{""national_pension"": ""clamp(monthly_salary,390000,6170000)*0.045"", ""health_insurance"": ""monthly_salary*0.03545"", ""long_term_care"": ""health_insurance*0.1296"", ""employment_insurance"": ""monthly_salary*0.009"", ""total"": ""national_pension+health_insurance+long_term_care+employment_insurance""}","[{""question"": ""4대 보험 지급 조건은 어떻게 되나요?"", ""answer"": ""4대 보험은 월 급여를 받는 근로자가 가입할 수 있으며, 노동 계약에 따라 정규직 또는 비정규직 여부와 관계없이 매월 급여를 지급받는 경우, 국민연금, 건강보험, 고용보험이 적용됩니다.""}, {""question"": ""4대 보험을 받지 못하는 예외 사항은 무엇인가요?"", ""answer"": ""단기 계약 근로자, 일용직 근로자, 그리고 소규모 사업장의 근로자 등 몇 가지 경우, 특정 조건을 만족하지 않을 경우 4대 보험 적용 제외 대상이 됩니다. 특히, 일부 단기 근로자는 보험 가입 요건에 미치지 못할 수 있습니다.""}, {""question"": ""4대 보험은 어떻게 계산하나요?"", ""answer"": ""국민연금은 월급여의 4.5%(단, 기준소득월액 하한 39만 원~상한 617만 원 범위 내 적용), 건강보험은 3.545%, 장기요양보험은 건강보험료의 12.96%, 고용보험은 0.9%를 계산하여 합산합니다. 예를 들어, 월급여가 300만 원이라면 국민연금 13만 5천 원, 건강보험 10만 6천 350백 원, 장기요양보험 1만 3천 783원, 고용보험 2만 7천 원으로 합계 28만 2천 133원입니다. 산재보험은 사업주가 전액 부담하므로 근로자 급여에서 공제되지 않습니다.""}, {""question"": ""4대 보험 계산 시 자주 틀리는 부분은 무엇인가요?"", ""answer"": ""국민연금·건강보험·장기요양보험은 근로자와 사용자가 절반씩 부담합니다. 고용보험은 근로자 0.9%, 사업주 0.9%+α(규모별 추가 부담)로 정확히 절반이 아니므로 혼동하지 않도록 주의하세요. 산재보험은 사업주가 전액 부담하며 근로자 급여에서 공제되지 않습니다.""}, {""question"": ""4대 보험의 법적 근거는 무엇인가요?"", ""answer"": ""4대 보험은 관련 법령에 따라 강제적으로 운영되며, 국민연금은 국민연금법, 건강보험은 국민건강보험법, 고용보험은 고용보험법에 근거합니다. 각각의 법률에서 보험료율 및 적용 조건이 규정되어 있습니다.""}, {""question"": ""4대 보험 사용 시 실무 팁은 무엇인가요?"", ""answer"": ""정확한 보험료를 계산하기 위해 매월 급여를 정확히 입력해야 합니다. 또한, 근로자 변경이나 계약 변경 시 신속하게 보험 가입 상태를 업데이트 해야 하며, 세액공제 등 추가적인 금융 혜택도 고려하는 것이 중요합니다.""}]","{""monthly_salary"": ""number""}","{""national_pension"": ""number"", ""health_insurance"": ""number"", ""long_term_care"": ""number"", ""employment_insurance"": ""number"", ""total"": ""number""}",4대보험 계산기 - 월급여로 쉽게 계산,"월급여를 입력하면 국민연금, 건강보험, 고용보험을 자동으로 계산해 드립니다.",active,2026-07-02 22:16:30,2026-07-19 21:52:02,"월급여를 입력하면 국민연금, 건강보험, 고용보험을 자동으로 계산해 드립니다.","<h1>4대보험 계산기 - 월급여로 쉽게 계산</h1>
<p>저희 4대보험 계산기를 통해 월급여를 입력하면 국민연금, 건강보험, 장기요양보험, 고용보험을 자동으로 계산해 드립니다. 정확한 보험료를 손쉽게 확인하세요!</p>

<h2>계산 원리</h2>
<p>4대보험 각 항목은 월급여를 바탕으로 비율을 적용하여 계산됩니다.</p>
<ul>
    <li>국민연금은 월급여의 4.5%로 계산됩니다. 단, 기준소득월액 하한(39만 원)~상한(617만 원) 범위가 적용됩니다. 월급여 300만 원이라면 300만 원 × 4.5% = 13만 5천 원입니다.</li>
    <li>건강보험은 월급여의 3.545%입니다. 같은 사례에서 300만 원 × 3.545% = 10만 6천 350원이 됩니다.</li>
    <li>장기요양보험은 건강보험료의 12.96%입니다. 건강보험료(10만 6천 350원) × 12.96% = 1만 3천 783원이 됩니다.</li>
    <li>고용보험은 월급여의 0.9%로, 300만 원 × 0.9% = 2만 7천 원입니다.</li>
    <li>이 모든 금액을 합하면, 총 보험료는 13만 5천 원 + 10만 6천 350원 + 1만 3천 783원 + 2만 7천 원 = 28만 2천 133원이 됩니다. (산재보험은 사업주 전액 부담으로 미포함)</li>
</ul>

<h2>주의사항</h2>
<ul>
    <li>월급여에 따라 보험료가 달라지므로 정확한 금액을 입력해 주세요.</li>
    <li>4대보험의 적용 여부는 근로계약의 조건에 따라 다를 수 있습니다.</li>
    <li>고용보험은 근로자 0.9%, 사업주 0.9%+α(규모별 추가)로 부담 비율이 다릅니다.</li>
    <li><strong>산재보험은 사업주가 전액 부담합니다</strong> — 근로자 급여에서 공제되지 않으며 이 계산기에 표시되지 않습니다 (산업재해보상보험법 제13조).</li>
</ul>

<h2>자주 묻는 질문</h2>
<dl>
    <dt>4대 보험 지급 조건은 어떻게 되나요?</dt>
    <dd>4대 보험은 월 급여를 받는 근로자가 가입할 수 있으며, 노동 계약에 따라 정규직 또는 비정규직 여부와 관계없이 매월 급여를 지급받는 경우 적용됩니다.</dd>

    <dt>4대 보험을 받지 못하는 예외 사항은 무엇인가요?</dt>
    <dd>단기 계약 근로자, 일용직 근로자, 소규모 사업장의 근로자 등 특정 조건을 만족하지 않을 경우 적용 제외가 될 수 있습니다.</dd>

    <dt>4대 보험은 어떻게 계산하나요?</dt>
    <dd>국민연금 4.5%(기준소득월액 상한·하한 적용), 건강보험 3.545%, 장기요양보험(건강보험료 × 12.96%), 고용보험 0.9%를 계산하여 합산합니다. 월급여 300만 원 기준 합계 28만 2천 133원.</dd>

    <dt>4대 보험 계산 시 자주 틀리는 부분은 무엇인가요?</dt>
    <dd>근로자와 사용자 부담 금액을 혼동해 잘못 계산하는 경우가 많습니다.</dd>

    <dt>4대 보험의 법적 근거는 무엇인가요?</dt>
    <dd>4대 보험은 관련 법령에 따라 강제적으로 운영됩니다.</dd>

    <dt>4대 보험 사용 시 실무 팁은 무엇인가요?</dt>
    <dd>매월 급여를 정확히 입력하고, 변경 시 신속하게 보험 가입 상태를 업데이트하는 것이 중요합니다.</dd>
</dl>

<h2>관련 계산기</h2>
<ul>
    <li><a href=""#"">퇴직금 계산기</a></li>
    <li><a href=""#"">연봉 계산기</a></li>
</ul>

<h2>CTA</h2>
<p>아래 SalaryMate 계산기를 이용하면 자동으로 계산할 수 있습니다. 쉽게 4대보험을 계산해 보고, 월급에 맞는 정확한 보험료를 확인하세요!</p>","Professional, realistic photo of a modern financial calculator on a minimalist desk. Next to it, a small stack of Korean currency and coins, neatly arranged. In the background, subtly blurred documents related to employment and finance. The overall tone is clean, organized, and financially oriented. Soft professional lighting, high resolution.","Detailed, realistic photo from a slightly elevated angle, showing professional hands interacting with a sleek tablet or laptop, displaying a modern digital financial calculator interface. On the same desk, there are elements representing the four major insurances: a small stack of insurance documents (e.g., pension, health insurance forms), a pen, and a subtle graph on a background monitor displaying financial data breakdown. The scene emphasizes accuracy, automation, and clear financial management. Bright, even lighting, high resolution.",AUTO_APPROVED,81,SEO: 메타설명이 70자 미만입니다. FAQ: 법적근거/실무팁 누락. 본문: 분량 2000자 미만으로 감점. HTML 구조: aria 속성 누락.,,2026-07-04 8:36:28,2026-07-04 8:36:28,
calc_20260704111358_9168,연말정산 환급액 계산기,연말정산_환급액_계산기,세금/정부혜택,연말정산 환급액 계산기,tpl_20260704111357_da6e,1.0.0,,,total_income - deductions,"[{""question"": ""연말정산 환급액이란 무엇인가요?"", ""answer"": ""연말정산 환급액은 한 해 동안 매월 원천징수된 소득세 합계(기납부세액)가 실제 결정세액보다 많을 때 그 차액을 돌려받는 금액입니다. 반대로 기납부세액이 결정세액보다 적으면 부족분을 추가 납부해야 합니다 (소득세법 제137조).""}, {""question"": ""연말정산은 언제 하나요?"", ""answer"": ""근로소득자의 연말정산은 다음 연도 1월에 원천징수의무자(회사)가 진행하며, 2월분 급여 지급 시 환급 또는 추가 납부가 반영됩니다. 중도 퇴직자는 퇴직 월의 급여 지급 시 정산합니다.""}, {""question"": ""환급 또는 추가납부는 어떻게 결정되나요?"", ""answer"": ""총급여에서 근로소득공제(소득세법 제47조)를 뺀 근로소득금액을 구하고, 인적공제·4대보험 공제액을 추가로 차감하면 과세표준이 나옵니다. 과세표준에 누진세율(6%~45%)을 적용해 산출세액을 구하고, 근로소득세액공제(소득세법 제59조)를 차감하면 결정세액이 됩니다. 기납부세액에서 결정세액을 뺀 값이 양수면 환급, 음수면 추가납부입니다.""}, {""question"": ""기납부 소득세액은 어디서 확인하나요?"", ""answer"": ""회사에서 매년 초 발급하는 근로소득 원천징수영수증의 '기납부세액' 항목을 확인하세요. 국세청 홈택스(hometax.go.kr)에서도 연말정산 간소화 서비스를 통해 전년도 납부 내역을 조회할 수 있습니다.""}, {""question"": ""인적공제 대상 수는 어떻게 입력하나요?"", ""answer"": ""본인을 포함하여 기본공제 대상 가족 수를 입력합니다. 배우자, 직계존속(부모·조부모), 직계비속(자녀), 형제자매 중 소득 요건(연 100만원 이하)과 나이 요건을 충족하는 부양가족이 해당됩니다 (소득세법 제50조). 1인 가구는 '1'을 입력하세요.""}, {""question"": ""4대보험료는 어떻게 계산되나요?"", ""answer"": ""이 계산기는 연간 총급여를 12로 나눈 월 급여 기준으로 국민연금(4.5%), 건강보험(3.545%), 장기요양보험(건강보험료의 12.96%), 고용보험(0.9%)을 자동 계산하여 공제합니다. 실제 원천징수영수증의 4대보험 공제액과 차이가 있을 수 있습니다.""}, {""question"": ""계산 결과가 실제 환급액과 다를 수 있나요?"", ""answer"": ""네, 이 계산기는 소득세법 기준 기본 공제 항목(근로소득공제·인적공제·4대보험)만 반영합니다. 의료비·교육비·신용카드·주택자금·연금저축 등 추가 공제 항목과 자녀세액공제는 현재 버전에서 제외되어 있어 실제 정산액과 차이가 생길 수 있습니다. 정확한 금액은 국세청 홈택스 연말정산 간소화 서비스를 이용하세요.""}, {""question"": ""연말정산의 법적 근거는 무엇인가요?"", ""answer"": ""연말정산의 법적 근거는 소득세법 제137조(근로소득세액의 연말정산)입니다. 이 조항에 따라 원천징수의무자는 해당 과세기간의 다음 연도 2월분 급여 지급 시 소득·세액공제를 반영해 최종 소득세를 정산합니다. 세율은 소득세법 제55조, 근로소득공제는 제47조, 세액공제는 제59조에 근거합니다.""}]","{""total_salary"": ""number"", ""family_count"": ""number"", ""paid_tax"": ""number""}","{""estimated_refund"": ""number""}",2026년 연말정산 환급액 계산기,소득과 공제를 입력해 2026년 환급액을 손쉽게 계산해보세요. 간편한 세금 계산기로 재정 관리에 도움을 드립니다.,active,2026-07-04 11:13:58,2026-07-23 6:36:41,소득과 공제를 입력해 2026년 환급액을 손쉽게 계산해보세요. 간편한 세금 계산기로 재정 관리에 도움을 드립니다.,"<h1>2026년 연말정산 환급액 계산기</h1>
<p>연간 총급여액과 부양가족 수, 기납부 소득세액을 입력하면 환급 예상액 또는 추가 납부 예상액을 계산해 드립니다. 소득세법에 규정된 근로소득공제·인적공제·4대보험 공제·누진세율·근로소득세액공제를 모두 반영한 단계별 결과를 확인하세요.</p>
<p class=""sm-personalized-note"" style=""background:#EBF1F9;border-left:3px solid #2C5AA0;padding:10px 14px;border-radius:4px;font-size:14px;color:#1E3F74;"">입력하신 총급여 <strong>{total_salary}</strong> 기준 예상 환급액: <strong>{estimated_refund}</strong></p>

<h2>연말정산이란?</h2>
<p>근로소득자는 매월 급여에서 소득세를 원천징수한 뒤, 연말(다음 해 1~2월)에 실제 세액과 기납부세액을 비교하여 정산합니다. 이 과정을 연말정산이라 하며, 소득세법 제137조에 법적 근거가 있습니다. 기납부세액이 결정세액보다 많으면 환급, 적으면 추가 납부합니다.</p>

<h2>계산 방법 (11단계)</h2>
<p>이 계산기는 다음 순서로 세액을 산출합니다.</p>
<ol>
  <li><strong>총급여</strong> — 연간 총급여액을 기준으로 합니다.</li>
  <li><strong>근로소득공제</strong> — 총급여 구간별 공제율을 적용합니다(소득세법 제47조). 한도 2,000만원.</li>
  <li><strong>근로소득금액</strong> — 총급여에서 근로소득공제를 뺀 금액입니다.</li>
  <li><strong>인적공제</strong> — 본인 포함 기본공제 대상자 1인당 150만원을 차감합니다(소득세법 제50조).</li>
  <li><strong>4대보험 공제</strong> — 총급여를 12로 나눈 월 기준으로 국민연금·건강보험·장기요양·고용보험 연간 합계를 자동 계산합니다.</li>
  <li><strong>과세표준</strong> — 근로소득금액에서 인적공제와 4대보험 공제를 뺀 값입니다.</li>
  <li><strong>산출세액</strong> — 과세표준에 누진세율(6%~45%)을 적용합니다(소득세법 제55조).</li>
  <li><strong>근로소득세액공제</strong> — 산출세액에 따라 최대 66만~74만원 한도로 공제합니다(소득세법 제59조).</li>
  <li><strong>결정세액</strong> — 산출세액에서 세액공제를 뺀 최종 세액입니다.</li>
  <li><strong>지방소득세</strong> — 결정세액의 10%입니다.</li>
  <li><strong>환급/추가납부</strong> — 기납부세액에서 결정세액을 빼서 양수면 환급, 음수면 추가납부입니다.</li>
</ol>

<h2>계산 예시</h2>
<p><strong>예시 1 — 총급여 4,000만원, 부양가족 2인(본인 포함), 기납부세액 250만원</strong></p>
<ul>
  <li>근로소득공제: 1,125만원 → 근로소득금액 2,875만원</li>
  <li>인적공제: 300만원(2인) / 4대보험 공제: 약 376만원</li>
  <li>과세표준: 약 2,199만원 → 산출세액: 약 2,038,234원</li>
  <li>근로소득세액공제: 684,000원 → 결정세액: 1,354,234원</li>
  <li>기납부세액 250만원 - 결정세액 1,354,234원 = <strong>환급 1,145,766원</strong></li>
</ul>
<p><strong>예시 2 — 총급여 7,000만원, 1인 가구, 기납부세액 200만원</strong></p>
<ul>
  <li>근로소득공제: 1,325만원 → 근로소득금액 5,675만원</li>
  <li>인적공제: 150만원(1인) / 4대보험 공제: 약 658만원</li>
  <li>과세표준: 약 4,867만원 → 산출세액: 약 6,040,034원</li>
  <li>근로소득세액공제: 660,000원 → 결정세액: 5,380,034원</li>
  <li>기납부세액 200만원 - 결정세액 5,380,034원 = <strong>추가납부 3,380,034원</strong></li>
</ul>

<h2>주의사항</h2>
<p>이 계산기는 참고용 예상치이며, 실제 연말정산 결과는 국세청 홈택스 및 회사 정산 결과와 다를 수 있습니다. 의료비·교육비·신용카드·주택자금·연금저축 공제와 자녀세액공제는 현재 버전에서 제외되어 있습니다. 정확한 정산은 국세청 홈택스(hometax.go.kr)의 연말정산 간소화 서비스를 이용하세요.</p>","A realistic, professional close-up shot of a modern workspace. A sleek silver laptop displays a clear, green bar graph representing increasing financial returns. Next to it, a stack of crisp Korean Won banknotes and a simple, black financial calculator. The background is slightly blurred, hinting at an organized office environment. Soft, even lighting, sharp focus on the financial elements. No text.","A realistic, professional medium shot of a person, late 20s to early 40s, dressed in smart casual business attire, looking thoughtfully at a desktop computer monitor. The screen displays a user-friendly financial dashboard interface with input fields and a prominent 'estimated refund' result. The person's expression is focused yet serene, conveying a sense of understanding and financial clarity. A subtle, well-organized office background. Natural, bright lighting. No text.",NEEDS_REVIEW,74,"SEO: 연도 반복. FAQ: 실무팁, 법적근거 누락. Article: 분량 부족. Formula: 과도한 단순화로 현실 반영 부족. HTML: 스키마 및 aria 누락.",2,2026-07-04 11:16:17,2026-07-04 11:16:17,"{""total_salary"": ""연간 총급여(원)"", ""family_count"": ""인적공제 대상 수(명)"", ""paid_tax"": ""기납부 소득세액(원)"", ""estimated_refund"": ""환급/추가납부 예상(원)""}"
calc_20260704133142_b82a,육아휴직 급여 계산기,육아휴직_급여_계산기,노무/급여/보험,육아휴직 급여 계산기,tpl_20260704133141_9c46,1.0.0,,,,"[{""question"": ""육아휴직 급여 지급 조건은 무엇인가요?"", ""answer"": ""육아휴직급여는 만 8세 이하(초등학교 2학년 이하)의 자녀를 양육하기 위해 육아휴직을 사용하는 근로자에게 지급됩니다(남녀고용평등과 일·가정 양립 지원에 관한 법률 제19조). 단, 급여(고용보험)를 받으려면 육아휴직 시작일 이전 피보험단위기간이 합산 180일 이상이어야 하고, 30일 이상의 육아휴직을 부여받아야 합니다(고용보험법 제70조).""}, {""question"": ""육아휴직 급여를 받지 못하는 경우는 어떤 경우인가요?"", ""answer"": ""육아휴직급여는 원칙적으로 요건을 갖춘 근로자에게 반드시 지급됩니다(고용보험법 제70조). 지급되지 않는 경우는 두 가지뿐입니다. ① 육아휴직 시작일 이전 피보험단위기간이 합산 180일 미만인 경우, ② 육아휴직 기간이 30일 미만인 경우. '월 임금이 최저임금에 미치지 못하면 급여를 받을 수 없다'는 것은 사실이 아닙니다 — 하한액(고용보험법 시행령)이 적용됩니다.""}, {""question"": ""육아휴직 급여는 어떻게 계산되나요?"", ""answer"": ""육아휴직급여는 통상임금(기본급과 고정수당을 합산한 월 임금)을 기준으로 제도별 지급률을 적용하여 계산됩니다. 일반 육아휴직급여는 통상임금의 80%(상한 1,500,000원/월, 하한 700,000원/월), 6+6 부모 육아휴직 특례는 통상임금의 100%(개월수별 상한, 7개월부터 일반 전환)가 적용됩니다(고용보험법 시행령 제95조·제95조의2). 예시: 통상임금 300만원 기준으로 일반은 상한 적용 후 월 1,500,000원, 6+6 특례 1개월차는 1개월 상한 적용 후 월 2,000,000원입니다.""}, {""question"": ""육아휴직 급여 계산 시 자주 틀리는 부분은 무엇인가요?"", ""answer"": ""많은 사람들이 평균 임금을 계산할 때 일한 기간 전체를 고려하지 않고, 단순히 최근 3개월의 급여만 계산해놓고 실수를 하곤 합니다. 또한, 정부 지원금과 회사 지급 비율을 합산하지 않고 따로 착각하는 경우도 있습니다.""}, {""question"": ""육아휴직 급여와 관련된 법적 근거는 무엇인가요?"", ""answer"": ""육아휴직 급여의 법적 근거는 고용보험법 제70조(육아휴직 급여)입니다. 이 조항에 따라 피보험자가 30일 이상의 육아휴직을 부여받은 경우, 고용노동부 장관은 육아휴직 급여를 지급합니다.""}, {""question"": ""육아휴직 급여 신청 시 주의해야 할 점은 무엇인가요?"", ""answer"": ""육아휴직 급여를 신청할 때는 반드시 필요한 서류를 모두 준비하고, 육아휴직 요청서를 제출하는 기한을 지켜야 합니다. 또한, 국가 지원금과 회사의 지원금을 각각 따로 이해하고 있는지 확인하는 것이 중요합니다.""}, {""question"": ""육아휴직 기간은 얼마까지 인정되나요?"", ""answer"": ""육아휴직은 만 8세 이하(초등학교 2학년 이하) 자녀 양육을 위해 최대 1년까지 사용할 수 있는 법적 권리입니다. 사업주는 근로자의 육아휴직 신청을 반드시 허용해야 합니다(남녀고용평등과 일·가정 양립 지원에 관한 법률 제19조). '회사 정책에 따라 육아휴직 기간이 달라진다'는 것은 법령에 반하는 잘못된 정보입니다.""}, {""question"": ""육아휴직 급여를 받을 수 있는 근로자의 요건은 무엇인가요?"", ""answer"": ""육아휴직급여를 받으려면 고용보험 가입자로서 육아휴직 시작일 이전 피보험단위기간이 합산 180일 이상이어야 합니다(고용보험법 제70조). '육아휴직 후 복귀 의사를 사전에 밝혀야만 급여를 받을 수 있다'는 것은 법적 수급 요건이 아닙니다. 수급 요건(피보험단위기간 180일 이상 + 30일 이상 육아휴직)을 충족하면 급여를 받을 수 있습니다.""}]","{""monthly_wage"": ""number"", ""insured_days"": ""number"", ""use_6plus6"": ""number"", ""leave_month"": ""number""}","{""monthly_allowance"": ""number""}",육아휴직 급여 계산기 - 정확한 예측,육아휴직 급여를 정확히 계산해보세요. 월 평균 임금과 휴직 기간을 입력하여 정부 지원금과 회사 지원금을 반영한 급여를 확인할 수 있습니다.,active,2026-07-04 13:31:43,2026-07-19 21:29:01,육아휴직 급여를 정확히 계산해보세요. 월 평균 임금과 휴직 기간을 입력하여 정부 지원금과 회사 지원금을 반영한 급여를 확인할 수 있습니다.,"<h1>육아휴직 급여 계산기 - 정확한 예측</h1>
<p>통상임금과 피보험단위기간, 6+6 특례 해당 여부를 입력하면 예상 월 육아휴직급여를 자동으로 계산합니다. 일반 육아휴직급여와 6+6 부모 육아휴직 특례(2024년 1월 시행)를 모두 지원합니다.</p>

<h2>계산 원리</h2>
<p>육아휴직급여는 통상임금(기본급과 고정수당을 합산한 월 임금)을 기준으로 제도별 지급률과 상한·하한을 적용하여 산정됩니다.</p>
<ul>
    <li><strong>일반 육아휴직급여</strong>: 통상임금 × 80%, 상한 1,500,000원/월, 하한 700,000원/월 (고용보험법 시행령 제95조)</li>
    <li><strong>6+6 부모 육아휴직 특례</strong>(2024년 1월 시행): 통상임금 × 100%, 개월수별 상한 1개월 200만원~6개월 450만원. 7개월부터 일반 전환(고용보험법 시행령 제95조의2)</li>
</ul>

<h2>계산 예시</h2>
<ul>
    <li><strong>일반 / 통상임금 300만원</strong>: 3,000,000원 × 80% = 2,400,000원 → 상한(1,500,000원) 적용 → 월 1,500,000원</li>
    <li><strong>일반 / 통상임금 180만원</strong>: 1,800,000원 × 80% = 월 1,440,000원</li>
    <li><strong>6+6 특례 1개월차 / 통상임금 300만원</strong>: 3,000,000원 × 100% = 3,000,000원 → 1개월 상한(2,000,000원) 적용 → 월 2,000,000원</li>
    <li><strong>6+6 특례 3개월차 / 통상임금 250만원</strong>: 2,500,000원 × 100% = 월 2,500,000원 (3개월 상한 3,000,000원 미달)</li>
</ul>

<h2>주의사항</h2>
<ul>
    <li>육아휴직급여는 피보험단위기간이 합산 180일 이상인 고용보험 가입자에게 지급됩니다(고용보험법 제70조). 최저임금 충족 여부와는 무관합니다.</li>
    <li>육아휴직은 법적 권리입니다. 사업주는 근로자의 신청을 반드시 허용해야 합니다(남녀고용평등과 일·가정 양립 지원에 관한 법률 제19조).</li>
    <li>휴직 전에 필요한 서류를 미리 준비하고 고용센터에 신청 기한 내에 제출해야 합니다.</li>
    <li>정확한 계산을 위해 월 통상임금(기본급 + 고정수당)을 입력하세요.</li>
</ul>

<h2>자주 묻는 질문</h2>
<ul>
    <li><strong>육아휴직 급여 지급 조건은 무엇인가요?</strong><br>
    육아휴직급여는 만 8세 이하(초등학교 2학년 이하)의 자녀를 양육하기 위해 육아휴직을 사용하는 근로자에게 지급됩니다(남녀고용평등과 일·가정 양립 지원에 관한 법률 제19조). 단, 급여를 받으려면 피보험단위기간이 합산 180일 이상이어야 하고, 30일 이상의 육아휴직을 부여받아야 합니다(고용보험법 제70조).</li>
    
    <li><strong>육아휴직 급여를 받지 못하는 경우는 어떤 경우인가요?</strong><br>
    육아휴직급여는 원칙적으로 요건을 갖춘 근로자에게 반드시 지급됩니다(고용보험법 제70조). 지급되지 않는 경우는 ① 육아휴직 시작일 이전 피보험단위기간이 합산 180일 미만이거나 ② 육아휴직 기간이 30일 미만인 경우뿐입니다. 최저임금과는 무관하며, 하한액이 적용됩니다.</li>
    
    <li><strong>육아휴직급여는 어떻게 계산되나요?</strong><br>
    육아휴직급여는 통상임금(기본급과 고정수당을 합산한 월 임금)을 기준으로 제도별 지급률을 적용하여 계산됩니다. 일반 육아휴직급여는 통상임금의 80%(상한 150만원/월, 하한 70만원/월), 6+6 부모 육아휴직 특례는 통상임금의 100%(개월수별 상한, 7개월부터 일반 전환)가 적용됩니다(고용보험법 시행령 제95조·제95조의2). 예시: 통상임금 300만원 기준으로 일반은 상한 적용 후 월 1,500,000원, 6+6 특례 1개월차는 1개월 상한 적용 후 월 2,000,000원입니다.</li>
    
    <li><strong>육아휴직 급여 계산 시 자주 틀리는 부분은 무엇인가요?</strong><br>
    많은 사람들이 평균 임금을 계산할 때 일한 기간 전체를 고려하지 않고, 단순히 최근 3개월의 급여만 계산하여 실수를 하는 경우가 많습니다. 정부 지원금과 회사 지급 비율을 잘못 계산하는 경우도 많습니다.</li>
    
    <li><strong>육아휴직 급여와 관련된 법적 근거는 무엇인가요?</strong><br>
    육아휴직 급여의 법적 근거는 고용보험법 제70조(육아휴직 급여)로, 이 조항에 따라 피보험자가 30일 이상의 육아휴직을 부여받은 경우 고용노동부 장관이 육아휴직 급여를 지급합니다.</li>
    
    <li><strong>육아휴직 신청 시 주의해야 할 점은 무엇인가요?</strong><br>
    신청 시 필요한 서류를 모두 준비하고 양식에 맞춰 제출하는 것이 중요합니다. 정부 지원금과 회사의 지원금을 각각 잘 이해해야 합니다.</li>
    
    <li><strong>육아휴직 기간은 얼마까지 인정되나요?</strong><br>
    육아휴직은 만 8세 이하(초등학교 2학년 이하) 자녀 양육을 위해 최대 1년까지 사용할 수 있는 법적 권리입니다. 사업주는 근로자의 신청을 반드시 허용해야 합니다(남녀고용평등과 일·가정 양립 지원에 관한 법률 제19조). '회사 정책에 따라 기간이 달라진다'는 것은 법령에 반하는 잘못된 정보입니다.</li>
    
    <li><strong>육아휴직 급여를 받을 수 있는 근로자의 요건은 무엇인가요?</strong><br>
    육아휴직급여를 받으려면 고용보험 가입자로서 피보험단위기간이 합산 180일 이상이어야 합니다(고용보험법 제70조). '복귀 의사를 사전에 밝혀야 급여를 받을 수 있다'는 것은 법적 수급 요건이 아닙니다.</li>
</ul>

<h2>관련 계산기</h2>
<ul>
    <li><a href=""#"">세금 계산기</a></li>
    <li><a href=""#"">퇴직금 계산기</a></li>
</ul>

<h2>할인 혜택</h2>
<p>아래 SalaryMate 계산기를 이용하면 자동으로 계산할 수 있습니다. 정확한 육아휴직 급여를 확인하고 불필요한 걱정을 덜어보세요!</p>","A realistic, professional photograph of a serene scene. A parent's hands are gently cradling a baby's tiny hand, symbolizing parental care. In the soft-focus background, a modern digital tablet displays abstract financial charts and numbers, subtly representing financial planning and allowance calculation. Warm, comforting ambient lighting. High detail, professional photography.","A realistic and professional image of an individual, possibly a parent, seated at a modern, organized desk in a well-lit home office or study. Their focused gaze is directed towards a laptop screen displaying a sophisticated financial planning interface, featuring dynamic charts, numerical data, and input fields that abstractly represent variables like 'average monthly wage' and 'leave months'. A few official-looking documents or stylized policy brochures are subtly placed on the desk, symbolizing government and company support. The scene conveys accurate financial prediction and calculation. High resolution, sharp focus on the screen and desk elements.",AUTO_APPROVED,84,"SEO: 메타 설명 적절하지만 제목 개선 필요. Article: 분량 부족 및 구조 미준수. Result Explain: 예시 계산 부족 및 기술적 설명 필요. HTML Quality: 스키마 누락, aria 속성 필요.",,2026-07-04 13:33:45,2026-07-04 13:33:45,"{""monthly_wage"": ""통상임금(원)"", ""insured_days"": ""피보험단위기간(일)"", ""use_6plus6"": ""6+6 특례 해당(1=예/0=아니오)"", ""leave_month"": ""육아휴직 개월차(개월)"", ""monthly_allowance"": ""예상 월 육아휴직급여(원)""}"
calc_20260704111358_9168,연말정산 환급액 계산기,연말정산_환급액_계산기,세금/정부혜택,연말정산 환급액 계산기,tpl_20260704111357_da6e,1.0.0,,,total_income - deductions,"[{""question"": ""연말정산 환급액이란 무엇인가요?"", ""answer"": ""연말정산 환급액은 한 해 동안 매월 원천징수된 소득세 합계(기납부세액)가 실제 결정세액보다 많을 때 그 차액을 돌려받는 금액입니다. 반대로 기납부세액이 결정세액보다 적으면 부족분을 추가 납부해야 합니다 (소득세법 제137조).""}, {""question"": ""연말정산은 언제 하나요?"", ""answer"": ""근로소득자의 연말정산은 다음 연도 1월에 원천징수의무자(회사)가 진행하며, 2월분 급여 지급 시 환급 또는 추가 납부가 반영됩니다. 중도 퇴직자는 퇴직 월의 급여 지급 시 정산합니다.""}, {""question"": ""환급 또는 추가납부는 어떻게 결정되나요?"", ""answer"": ""총급여에서 근로소득공제(소득세법 제47조)를 뺀 근로소득금액을 구하고, 인적공제·4대보험 공제액을 추가로 차감하면 과세표준이 나옵니다. 과세표준에 누진세율(6%~45%)을 적용해 산출세액을 구하고, 근로소득세액공제(소득세법 제59조)를 차감하면 결정세액이 됩니다. 기납부세액에서 결정세액을 뺀 값이 양수면 환급, 음수면 추가납부입니다.""}, {""question"": ""기납부 소득세액은 어디서 확인하나요?"", ""answer"": ""회사에서 매년 초 발급하는 근로소득 원천징수영수증의 '기납부세액' 항목을 확인하세요. 국세청 홈택스(hometax.go.kr)에서도 연말정산 간소화 서비스를 통해 전년도 납부 내역을 조회할 수 있습니다.""}, {""question"": ""인적공제 대상 수는 어떻게 입력하나요?"", ""answer"": ""본인을 포함하여 기본공제 대상 가족 수를 입력합니다. 배우자, 직계존속(부모·조부모), 직계비속(자녀), 형제자매 중 소득 요건(연 100만원 이하)과 나이 요건을 충족하는 부양가족이 해당됩니다 (소득세법 제50조). 1인 가구는 '1'을 입력하세요.""}, {""question"": ""4대보험료는 어떻게 계산되나요?"", ""answer"": ""이 계산기는 연간 총급여를 12로 나눈 월 급여 기준으로 국민연금(4.5%), 건강보험(3.545%), 장기요양보험(건강보험료의 12.96%), 고용보험(0.9%)을 자동 계산하여 공제합니다. 실제 원천징수영수증의 4대보험 공제액과 차이가 있을 수 있습니다.""}, {""question"": ""계산 결과가 실제 환급액과 다를 수 있나요?"", ""answer"": ""네, 이 계산기는 소득세법 기준 기본 공제 항목(근로소득공제·인적공제·4대보험)만 반영합니다. 의료비·교육비·신용카드·주택자금·연금저축 등 추가 공제 항목과 자녀세액공제는 현재 버전에서 제외되어 있어 실제 정산액과 차이가 생길 수 있습니다. 정확한 금액은 국세청 홈택스 연말정산 간소화 서비스를 이용하세요.""}, {""question"": ""연말정산의 법적 근거는 무엇인가요?"", ""answer"": ""연말정산의 법적 근거는 소득세법 제137조(근로소득세액의 연말정산)입니다. 이 조항에 따라 원천징수의무자는 해당 과세기간의 다음 연도 2월분 급여 지급 시 소득·세액공제를 반영해 최종 소득세를 정산합니다. 세율은 소득세법 제55조, 근로소득공제는 제47조, 세액공제는 제59조에 근거합니다.""}]","{""total_salary"": ""number"", ""family_count"": ""number"", ""paid_tax"": ""number""}","{""estimated_refund"": ""number""}",2026년 연말정산 환급액 계산기,소득과 공제를 입력해 2026년 환급액을 손쉽게 계산해보세요. 간편한 세금 계산기로 재정 관리에 도움을 드립니다.,active,2026-07-04 11:13:58,2026-07-21 23:53:28,소득과 공제를 입력해 2026년 환급액을 손쉽게 계산해보세요. 간편한 세금 계산기로 재정 관리에 도움을 드립니다.,"<h1>2026년 연말정산 환급액 계산기</h1>
<p>연간 총급여액과 부양가족 수, 기납부 소득세액을 입력하면 환급 예상액 또는 추가 납부 예상액을 계산해 드립니다. 소득세법에 규정된 근로소득공제·인적공제·4대보험 공제·누진세율·근로소득세액공제를 모두 반영한 단계별 결과를 확인하세요.</p>
<p class=""sm-personalized-note"" style=""background:#EBF1F9;border-left:3px solid #2C5AA0;padding:10px 14px;border-radius:4px;font-size:14px;color:#1E3F74;"">입력하신 총급여 <strong>{total_salary}</strong> 기준 예상 환급액: <strong>{estimated_refund}</strong></p>

<h2>연말정산이란?</h2>
<p>근로소득자는 매월 급여에서 소득세를 원천징수한 뒤, 연말(다음 해 1~2월)에 실제 세액과 기납부세액을 비교하여 정산합니다. 이 과정을 연말정산이라 하며, 소득세법 제137조에 법적 근거가 있습니다. 기납부세액이 결정세액보다 많으면 환급, 적으면 추가 납부합니다.</p>

<h2>계산 방법 (11단계)</h2>
<p>이 계산기는 다음 순서로 세액을 산출합니다.</p>
<ol>
  <li><strong>총급여</strong> — 연간 총급여액을 기준으로 합니다.</li>
  <li><strong>근로소득공제</strong> — 총급여 구간별 공제율을 적용합니다(소득세법 제47조). 한도 2,000만원.</li>
  <li><strong>근로소득금액</strong> — 총급여에서 근로소득공제를 뺀 금액입니다.</li>
  <li><strong>인적공제</strong> — 본인 포함 기본공제 대상자 1인당 150만원을 차감합니다(소득세법 제50조).</li>
  <li><strong>4대보험 공제</strong> — 총급여를 12로 나눈 월 기준으로 국민연금·건강보험·장기요양·고용보험 연간 합계를 자동 계산합니다.</li>
  <li><strong>과세표준</strong> — 근로소득금액에서 인적공제와 4대보험 공제를 뺀 값입니다.</li>
  <li><strong>산출세액</strong> — 과세표준에 누진세율(6%~45%)을 적용합니다(소득세법 제55조).</li>
  <li><strong>근로소득세액공제</strong> — 산출세액에 따라 최대 66만~74만원 한도로 공제합니다(소득세법 제59조).</li>
  <li><strong>결정세액</strong> — 산출세액에서 세액공제를 뺀 최종 세액입니다.</li>
  <li><strong>지방소득세</strong> — 결정세액의 10%입니다.</li>
  <li><strong>환급/추가납부</strong> — 기납부세액에서 결정세액을 빼서 양수면 환급, 음수면 추가납부입니다.</li>
</ol>

<h2>계산 예시</h2>
<p><strong>예시 1 — 총급여 4,000만원, 부양가족 2인(본인 포함), 기납부세액 250만원</strong></p>
<ul>
  <li>근로소득공제: 1,125만원 → 근로소득금액 2,875만원</li>
  <li>인적공제: 300만원(2인) / 4대보험 공제: 약 376만원</li>
  <li>과세표준: 약 2,199만원 → 산출세액: 약 2,038,234원</li>
  <li>근로소득세액공제: 684,000원 → 결정세액: 1,354,234원</li>
  <li>기납부세액 250만원 - 결정세액 1,354,234원 = <strong>환급 1,145,766원</strong></li>
</ul>
<p><strong>예시 2 — 총급여 7,000만원, 1인 가구, 기납부세액 200만원</strong></p>
<ul>
  <li>근로소득공제: 1,325만원 → 근로소득금액 5,675만원</li>
  <li>인적공제: 150만원(1인) / 4대보험 공제: 약 658만원</li>
  <li>과세표준: 약 4,867만원 → 산출세액: 약 6,040,034원</li>
  <li>근로소득세액공제: 660,000원 → 결정세액: 5,380,034원</li>
  <li>기납부세액 200만원 - 결정세액 5,380,034원 = <strong>추가납부 3,380,034원</strong></li>
</ul>

<h2>주의사항</h2>
<p>이 계산기는 참고용 예상치이며, 실제 연말정산 결과는 국세청 홈택스 및 회사 정산 결과와 다를 수 있습니다. 의료비·교육비·신용카드·주택자금·연금저축 공제와 자녀세액공제는 현재 버전에서 제외되어 있습니다. 정확한 정산은 국세청 홈택스(hometax.go.kr)의 연말정산 간소화 서비스를 이용하세요.</p>","A realistic, professional close-up shot of a modern workspace. A sleek silver laptop displays a clear, green bar graph representing increasing financial returns. Next to it, a stack of crisp Korean Won banknotes and a simple, black financial calculator. The background is slightly blurred, hinting at an organized office environment. Soft, even lighting, sharp focus on the financial elements. No text.","A realistic, professional medium shot of a person, late 20s to early 40s, dressed in smart casual business attire, looking thoughtfully at a desktop computer monitor. The screen displays a user-friendly financial dashboard interface with input fields and a prominent 'estimated refund' result. The person's expression is focused yet serene, conveying a sense of understanding and financial clarity. A subtle, well-organized office background. Natural, bright lighting. No text.",NEEDS_REVIEW,74,"SEO: 연도 반복. FAQ: 실무팁, 법적근거 누락. Article: 분량 부족. Formula: 과도한 단순화로 현실 반영 부족. HTML: 스키마 및 aria 누락.",2,2026-07-04 11:16:17,2026-07-04 11:16:17,"{""total_salary"": ""연간 총급여(원)"", ""family_count"": ""인적공제 대상 수(명)"", ""paid_tax"": ""기납부 소득세액(원)"", ""estimated_refund"": ""환급/추가납부 예상(원)""}"
calc_20260704111358_9168,연말정산 환급액 계산기,연말정산_환급액_계산기,세금/정부혜택,연말정산 환급액 계산기,tpl_20260704111357_da6e,1.0.0,,,total_income - deductions,"[{""question"": ""연말정산 환급액이란 무엇인가요?"", ""answer"": ""연말정산 환급액은 한 해 동안 매월 원천징수된 소득세 합계(기납부세액)가 실제 결정세액보다 많을 때 그 차액을 돌려받는 금액입니다. 반대로 기납부세액이 결정세액보다 적으면 부족분을 추가 납부해야 합니다 (소득세법 제137조).""}, {""question"": ""연말정산은 언제 하나요?"", ""answer"": ""근로소득자의 연말정산은 다음 연도 1월에 원천징수의무자(회사)가 진행하며, 2월분 급여 지급 시 환급 또는 추가 납부가 반영됩니다. 중도 퇴직자는 퇴직 월의 급여 지급 시 정산합니다.""}, {""question"": ""환급 또는 추가납부는 어떻게 결정되나요?"", ""answer"": ""총급여에서 근로소득공제(소득세법 제47조)를 뺀 근로소득금액을 구하고, 인적공제·4대보험 공제액을 추가로 차감하면 과세표준이 나옵니다. 과세표준에 누진세율(6%~45%)을 적용해 산출세액을 구하고, 근로소득세액공제(소득세법 제59조)를 차감하면 결정세액이 됩니다. 기납부세액에서 결정세액을 뺀 값이 양수면 환급, 음수면 추가납부입니다.""}, {""question"": ""기납부 소득세액은 어디서 확인하나요?"", ""answer"": ""회사에서 매년 초 발급하는 근로소득 원천징수영수증의 '기납부세액' 항목을 확인하세요. 국세청 홈택스(hometax.go.kr)에서도 연말정산 간소화 서비스를 통해 전년도 납부 내역을 조회할 수 있습니다.""}, {""question"": ""인적공제 대상 수는 어떻게 입력하나요?"", ""answer"": ""본인을 포함하여 기본공제 대상 가족 수를 입력합니다. 배우자, 직계존속(부모·조부모), 직계비속(자녀), 형제자매 중 소득 요건(연 100만원 이하)과 나이 요건을 충족하는 부양가족이 해당됩니다 (소득세법 제50조). 1인 가구는 '1'을 입력하세요.""}, {""question"": ""4대보험료는 어떻게 계산되나요?"", ""answer"": ""이 계산기는 연간 총급여를 12로 나눈 월 급여 기준으로 국민연금(4.5%), 건강보험(3.545%), 장기요양보험(건강보험료의 12.96%), 고용보험(0.9%)을 자동 계산하여 공제합니다. 실제 원천징수영수증의 4대보험 공제액과 차이가 있을 수 있습니다.""}, {""question"": ""계산 결과가 실제 환급액과 다를 수 있나요?"", ""answer"": ""네, 이 계산기는 소득세법 기준 기본 공제 항목(근로소득공제·인적공제·4대보험)만 반영합니다. 의료비·교육비·신용카드·주택자금·연금저축 등 추가 공제 항목과 자녀세액공제는 현재 버전에서 제외되어 있어 실제 정산액과 차이가 생길 수 있습니다. 정확한 금액은 국세청 홈택스 연말정산 간소화 서비스를 이용하세요.""}, {""question"": ""연말정산의 법적 근거는 무엇인가요?"", ""answer"": ""연말정산의 법적 근거는 소득세법 제137조(근로소득세액의 연말정산)입니다. 이 조항에 따라 원천징수의무자는 해당 과세기간의 다음 연도 2월분 급여 지급 시 소득·세액공제를 반영해 최종 소득세를 정산합니다. 세율은 소득세법 제55조, 근로소득공제는 제47조, 세액공제는 제59조에 근거합니다.""}]","{""total_salary"": ""number"", ""family_count"": ""number"", ""paid_tax"": ""number""}","{""estimated_refund"": ""number""}",2026년 연말정산 환급액 계산기,소득과 공제를 입력해 2026년 환급액을 손쉽게 계산해보세요. 간편한 세금 계산기로 재정 관리에 도움을 드립니다.,active,2026-07-04 11:13:58,2026-07-21 23:53:28,소득과 공제를 입력해 2026년 환급액을 손쉽게 계산해보세요. 간편한 세금 계산기로 재정 관리에 도움을 드립니다.,"<h1>2026년 연말정산 환급액 계산기</h1>
<p>연간 총급여액과 부양가족 수, 기납부 소득세액을 입력하면 환급 예상액 또는 추가 납부 예상액을 계산해 드립니다. 소득세법에 규정된 근로소득공제·인적공제·4대보험 공제·누진세율·근로소득세액공제를 모두 반영한 단계별 결과를 확인하세요.</p>
<p class=""sm-personalized-note"" style=""background:#EBF1F9;border-left:3px solid #2C5AA0;padding:10px 14px;border-radius:4px;font-size:14px;color:#1E3F74;"">입력하신 총급여 <strong>{total_salary}</strong> 기준 예상 환급액: <strong>{estimated_refund}</strong></p>

<h2>연말정산이란?</h2>
<p>근로소득자는 매월 급여에서 소득세를 원천징수한 뒤, 연말(다음 해 1~2월)에 실제 세액과 기납부세액을 비교하여 정산합니다. 이 과정을 연말정산이라 하며, 소득세법 제137조에 법적 근거가 있습니다. 기납부세액이 결정세액보다 많으면 환급, 적으면 추가 납부합니다.</p>

<h2>계산 방법 (11단계)</h2>
<p>이 계산기는 다음 순서로 세액을 산출합니다.</p>
<ol>
  <li><strong>총급여</strong> — 연간 총급여액을 기준으로 합니다.</li>
  <li><strong>근로소득공제</strong> — 총급여 구간별 공제율을 적용합니다(소득세법 제47조). 한도 2,000만원.</li>
  <li><strong>근로소득금액</strong> — 총급여에서 근로소득공제를 뺀 금액입니다.</li>
  <li><strong>인적공제</strong> — 본인 포함 기본공제 대상자 1인당 150만원을 차감합니다(소득세법 제50조).</li>
  <li><strong>4대보험 공제</strong> — 총급여를 12로 나눈 월 기준으로 국민연금·건강보험·장기요양·고용보험 연간 합계를 자동 계산합니다.</li>
  <li><strong>과세표준</strong> — 근로소득금액에서 인적공제와 4대보험 공제를 뺀 값입니다.</li>
  <li><strong>산출세액</strong> — 과세표준에 누진세율(6%~45%)을 적용합니다(소득세법 제55조).</li>
  <li><strong>근로소득세액공제</strong> — 산출세액에 따라 최대 66만~74만원 한도로 공제합니다(소득세법 제59조).</li>
  <li><strong>결정세액</strong> — 산출세액에서 세액공제를 뺀 최종 세액입니다.</li>
  <li><strong>지방소득세</strong> — 결정세액의 10%입니다.</li>
  <li><strong>환급/추가납부</strong> — 기납부세액에서 결정세액을 빼서 양수면 환급, 음수면 추가납부입니다.</li>
</ol>

<h2>계산 예시</h2>
<p><strong>예시 1 — 총급여 4,000만원, 부양가족 2인(본인 포함), 기납부세액 250만원</strong></p>
<ul>
  <li>근로소득공제: 1,125만원 → 근로소득금액 2,875만원</li>
  <li>인적공제: 300만원(2인) / 4대보험 공제: 약 376만원</li>
  <li>과세표준: 약 2,199만원 → 산출세액: 약 2,038,234원</li>
  <li>근로소득세액공제: 684,000원 → 결정세액: 1,354,234원</li>
  <li>기납부세액 250만원 - 결정세액 1,354,234원 = <strong>환급 1,145,766원</strong></li>
</ul>
<p><strong>예시 2 — 총급여 7,000만원, 1인 가구, 기납부세액 200만원</strong></p>
<ul>
  <li>근로소득공제: 1,325만원 → 근로소득금액 5,675만원</li>
  <li>인적공제: 150만원(1인) / 4대보험 공제: 약 658만원</li>
  <li>과세표준: 약 4,867만원 → 산출세액: 약 6,040,034원</li>
  <li>근로소득세액공제: 660,000원 → 결정세액: 5,380,034원</li>
  <li>기납부세액 200만원 - 결정세액 5,380,034원 = <strong>추가납부 3,380,034원</strong></li>
</ul>

<h2>주의사항</h2>
<p>이 계산기는 참고용 예상치이며, 실제 연말정산 결과는 국세청 홈택스 및 회사 정산 결과와 다를 수 있습니다. 의료비·교육비·신용카드·주택자금·연금저축 공제와 자녀세액공제는 현재 버전에서 제외되어 있습니다. 정확한 정산은 국세청 홈택스(hometax.go.kr)의 연말정산 간소화 서비스를 이용하세요.</p>","A realistic, professional close-up shot of a modern workspace. A sleek silver laptop displays a clear, green bar graph representing increasing financial returns. Next to it, a stack of crisp Korean Won banknotes and a simple, black financial calculator. The background is slightly blurred, hinting at an organized office environment. Soft, even lighting, sharp focus on the financial elements. No text.","A realistic, professional medium shot of a person, late 20s to early 40s, dressed in smart casual business attire, looking thoughtfully at a desktop computer monitor. The screen displays a user-friendly financial dashboard interface with input fields and a prominent 'estimated refund' result. The person's expression is focused yet serene, conveying a sense of understanding and financial clarity. A subtle, well-organized office background. Natural, bright lighting. No text.",NEEDS_REVIEW,74,"SEO: 연도 반복. FAQ: 실무팁, 법적근거 누락. Article: 분량 부족. Formula: 과도한 단순화로 현실 반영 부족. HTML: 스키마 및 aria 누락.",2,2026-07-04 11:16:17,2026-07-04 11:16:17,"{""total_salary"": ""연간 총급여(원)"", ""family_count"": ""인적공제 대상 수(명)"", ""paid_tax"": ""기납부 소득세액(원)"", ""estimated_refund"": ""환급/추가납부 예상(원)""}"
qa_test_weekly_holiday_20260802,QA 테스트용 주휴수당,qa-test-weekly-holiday,노무/급여,calculator_basic,,1.0.0,,,hourly_wage*(weekly_hours/40*8),,,,QA 테스트 주휴수당,,active,2026-08-02 13:40:18,2026-08-02 13:40:18,QA 검수용 테스트,"<h1>QA 테스트용 주휴수당</h1><p>주휴수당은 주 15시간 이상 근무 시 지급됩니다. 계산기는 시급*주간근무시간/40*8로 계산하며, 이는 주휴일에 대한 보상입니다. 시급 10000원, 주 40시간 근무 시 주 80000원이 지급됩니다. 근로기준법 제55조에 따른 필수 사항입니다. 정확한 계산을 위해 시급과 근무 시간을 정확히 입력해주세요. 연장 근로와는 별개로 계산됩니다.</p><h2>자주 묻는 질문</h2><dl><dt>Q: 주휴수당 계산식은?</dt><dd>A: 시급 * (주간 근로시간/40) * 8입니다.</dd></dl>",,,,,,,,,
qa_weekly_20260802,QA 주휴수당,qa-weekly,노무/급여,calculator_basic,,1.0.0,,,hourly_wage*(weekly_hours/40*8),"[{""question"": ""주휴수당은 누구에게 지급되나요?"", ""answer"": ""주휴수당은 주 15시간 이상 근무하는 비정규직 및 정규직 근로자에게 지급됩니다. 근로자가 주휴일에 출근하지 않고도 소정 근로시간을 채웠을 때 지급됩니다.""}, {""question"": ""어떤 경우 주휴수당을 받지 못하나요?"", ""answer"": ""근로자가 일정 기간 이상 결근하거나 무단이탈 등의 사유로 근로계약을 유지하지 않는 경우, 주휴수당을 받을 수 없습니다. 또한 고용 계약이 해지된 경우에도 지급되지 않습니다.""}, {""question"": ""주휴수당은 어떻게 계산하나요?"", ""answer"": ""주휴수당은 시급에 주당 근무시간 비율(주간 근무시간 ÷ 40)을 곱한 뒤 8을 곱하여 산출합니다. 예를 들어 시급 10,000원, 주 40시간 근무라면 주휴수당은 10,000원 × 1 × 8시간 = 80,000원이 됩니다. 주 15시간 미만 근로자는 주휴수당이 발생하지 않습니다(근로기준법 제55조, 제18조).""}, {""question"": ""주휴수당 계산 시 자주 틀리는 부분은 무엇인가요?"", ""answer"": ""많은 사람들이 주휴수당을 계산할 때 주간 근무시간을 40시간으로 고정하여 잘못 계산하는 경우가 많습니다. 주간 근무시간에 따라 다르게 계산해야 하므로 주의가 필요합니다.""}, {""question"": ""주휴수당의 법적 근거는 무엇인가요?"", ""answer"": ""주휴수당 지급 의무는 근로기준법 제55조에 명시되어 있습니다. 이 조항에 따라 주휴일을 포함한 근로자의 보상을 요구할 수 있습니다.""}, {""question"": ""주휴수당을 받을 때 주의할 점은 무엇인가요?"", ""answer"": ""주휴수당 지급 기준이 되는 근로시간을 정확히 기록하고, 계약서에 명시된 내용과 일치하는지 확인하는 것이 중요합니다. 또한 근로계약서에 주휴일에 대한 사항이 포함되어 있어야 합니다.""}]","{""hourly_wage"": ""number"", ""weekly_hours"": ""number""}","{""weekly_allowance"": ""number""}",주휴수당 계산기 - 간편한 급여 산출,주휴수당 지급 기준을 쉽게 계산하고 확인하세요. 시급과 주간 근무 시간을 입력해 주휴수당을 간편하게 알아보세요.,active,2026-07-02 22:16:23,2026-07-19 22:06:02,주휴수당 지급 기준을 쉽게 계산하고 확인하세요. 시급과 주간 근무 시간을 입력해 주휴수당을 간편하게 알아보세요.,"<h1>QA 주휴수당 계산법 가이드</h1><p>주휴수당은 근로기준법 제55조에 따라 주 15시간 이상 근무하는 근로자에게 지급되는 필수 수당입니다. 계산식은 <b>시급 × (주간 근로시간 / 40) × 8</b>로 산출되며, 주 40시간을 초과하여 근무하더라도 주 40시간 기준으로 계산합니다. 예를 들어 시급 10,000원에 주 40시간 근무 시, 주휴수당은 80,000원입니다. 반드시 지급받아야 할 권리이며, 미지급 시 노동청 신고가 가능합니다.</p><h2>자주 묻는 질문</h2><dl><dt>Q: 주 15시간 미만도 지급되나요?</dt><dd>A: 아니요, 주 15시간 이상 근무해야 발생합니다.</dd><dt>Q: 연장 근로와 별개인가요?</dt><dd>A: 네, 주휴수당은 소정 근로일에 대한 보상으로 연장 근로와는 별도로 계산됩니다.</dd></dl>","A professional, close-up shot of a hand operating a modern financial calculator on a clean desk. The calculator's display shows monetary figures related to wages. In the background, subtly blurred, are elements suggesting financial documents or a laptop screen with payroll data. The lighting is bright and crisp, emphasizing precision and professionalism. Realistic, high-resolution photography.","An overhead, realistic photograph of a sophisticated workspace. On a minimalist desk, a detailed financial ledger or a digital tablet displays a clear calculation process, specifically highlighting 'Hourly Wage' and 'Weekly Hours' sections. Next to it, a sleek, open notebook with a pen, implying a thorough review or planning of labor costs. The scene is well-lit, emphasizing organization, clarity, and the methodical approach to payroll calculations. Professional studio photography style.",AUTO_APPROVED,91,SEO와 FAQ는 전반적으로 잘 구성되었으나 FAQ 내용의 구체성과 수치가 부족합니다. 본문은 구조적으로 잘 되어 있으나 2000자 미만으로 감점되었습니다. 결과 해설 부분에서는 예시 계산이 있지만 기술적 해설의 구체성이 부족해 감점되었습니다. HTML 구조에서 aria 속성 누락으로 감점되었습니다. FAQ에 예외 및 법적 근거 설명을 추가하여 내용을 더 ,,2026-07-04 8:51:26,2026-07-04 8:51:26,
qa_unemp_20260802,QA 실업급여,qa-unemp,고용/보험,calculator_report,,1.0.0,,,avg_daily_wage*0.6,"[{""question"": ""실업급여는 누구에게 지급되나요?"", ""answer"": ""실업급여(구직급여)는 고용보험에 가입한 근로자가 비자발적으로 실직한 경우 지급됩니다. 소정급여일수는 피보험단위기간과 연령에 따라 120~270일로 결정되며 (고용보험법 제45조 및 별표1), 고용센터의 수급자격 심사를 거쳐야 합니다.""}, {""question"": ""어떤 경우에 실업급여를 받을 수 없나요?"", ""answer"": ""실업급여를 받을 수 없는 경우는 자발적 퇴사(본인의 선택으로 퇴사한 경우), 비자발적 퇴사도 정당한 이유가 없는 경우에 해당됩니다. 또한, 고용보험에 가입하지 않은 기간이 있거나, 실업 상태가 아닌 경우에도 지급이 제한됩니다.""}, {""question"": ""실업급여는 어떻게 계산하나요?"", ""answer"": ""구직급여 = 평균 일급 × 0.6 × 소정급여일수입니다 (고용보험법 제45조·제46조). 단, 일 구직급여는 상한 66,000원(고용노동부 고시)과 하한 64,192원(최저임금 × 8 × 0.8, 고용보험법 제46조 제2항)이 적용됩니다. 예시: 평균 일급 100,000원, 35세, 가입 24개월 → 일 구직급여 64,192원(하한 적용) × 150일 = 9,628,800원.""}, {""question"": ""실업급여 수급 자격에 대한 흔한 오해는 무엇인가요?"", ""answer"": ""실업급여는 실직 후 즉시 지급되는 것이 아니라, 조기 신청 후 적격 여부가 확인되어야 지급됩니다. 신청 후 1개월 이내에 고용노동부에서 지급 여부를 결정하기 때문에 급여 지급 시점을 잘못 이해하는 경우가 많습니다.""}, {""question"": ""실업급여 지급에 대한 법적 근거는 무엇인가요?"", ""answer"": ""실업급여의 법적 근거는 고용보험법입니다. 수급 요건(피보험단위기간 180일 이상, 비자발적 이직 등)은 제40조·제58조에, 급여액 계산(0.6 비율)과 상한·하한은 제45조·제46조에, 소정급여일수(가입기간·연령별 120~270일)는 제45조 및 별표1에 규정되어 있습니다. 최종 수급 여부는 고용센터 심사 결과에 따라 달라질 수 있습니다.""}, {""question"": ""실업급여 신청 시 유의해야 할 사항은 무엇인가요?"", ""answer"": ""실업급여 신청 시 정확한 고용보험 가입 기간과 평균 임금을 기재해야 합니다. 특히, 평균 임금 계산 시 비정기적인 보너스나 수당을 포함해 잘못 기재할 경우, 지급액이 달라질 수 있으므로 주의해야 합니다.""}, {""question"": ""실업급여 수급 기간은 어떻게 되나요?"", ""answer"": ""소정급여일수는 피보험단위기간과 연령에 따라 결정됩니다 (고용보험법 별표1). 50세 미만: 1년 미만 120일 / 1~3년 150일 / 3~5년 180일 / 5~10년 210일 / 10년 이상 240일. 50세 이상: 1년 미만 120일 / 1~3년 180일 / 3~5년 210일 / 5~10년 240일 / 10년 이상 270일. 최대 270일이며, 법령에 '300일'은 없습니다.""}, {""question"": ""실업급여를 받기 위해 필요한 서류는 무엇인가요?"", ""answer"": ""실업급여를 받기 위해서는 실업신고서, 고용보험가입증명서, 퇴사한 근로계약서 등의 서류가 필요합니다. 이 서류들은 신청 시 반드시 제출해야 하며, 누락되면 지급이 지연될 수 있습니다.""}]","{""avg_daily_wage"": ""number"", ""age"": ""number"", ""employment_months"": ""number""}","{""daily_benefit"": ""number"", ""total_benefit"": ""number""}",실업급여 계산기로 쉽고 빠르게 확인하기,평균임금과 고용기간을 입력해 실업급여를 간편하게 계산해보세요. 예상 수급액을 손쉽게 확인할 수 있습니다.,active,2026-07-02 22:16:28,2026-07-19 21:52:01,평균임금과 고용기간을 입력해 실업급여를 간편하게 계산해보세요. 예상 수급액을 손쉽게 확인할 수 있습니다.,"<h1>QA 실업급여 계산 방법 가이드</h1><p>실업급여(구직급여)는 고용보험법에 따라 비자발적으로 퇴사한 근로자에게 지급됩니다. 계산식은 <b>평균 임금의 60% × 소정급여일수</b>입니다. 고용보험 가입 기간과 나이에 따라 소정급여일수는 120일에서 270일까지 달라집니다. 신청은 퇴사 후 즉시 고용센터를 통해 해야 하며, 자발적 퇴사자는 원칙적으로 지급되지 않습니다.</p><h2>자주 묻는 질문</h2><dl><dt>Q: 자발적 퇴사도 받을 수 있나요?</dt><dd>A: 원칙적으로 불가하나, 예외적인 정당한 사유가 인정되는 경우에만 가능합니다.</dd><dt>Q: 최대 지급 기간은?</dt><dd>A: 가입 기간과 연령에 따라 최대 270일까지 지급됩니다.</dd></dl>","A modern calculator interface on a desk displaying 'Unemployment Benefit Calculator', with a notepad and a pen nearby. The background shows a subtle office environment with soft lighting.","An image depicting a close-up of hands inputting numbers into a calculator related to unemployment benefits. The screen shows formulas and values like 'avg_daily_wage' and 'employment_months'. In the background, there are financial charts and graphs to symbolize calculations related to benefits.",AUTO_REWRITTEN,81,"SEO: 메타설명 적절. FAQ: 모든 항목 충족. Article: 검수일 미흡, 2000자 미달. Input Form: label 연결 미흡. Formula: 고용기간 사용 누락. Result Explain: 예시 좋음. HTML: aria 속성 누락, 모바일 버튼 고려 필요.",2,2026-07-04 8:17:38,2026-07-04 8:17:38,
